year, name, alpha_plus, alpha_minus, lambda, phi_plus, phi_minus, k, strategy, fuzzy_action1, fuzzy_action2, fuzzy_action3, fuzzy_action4, fuzzy_action5, fuzzy_action6, lp_action1, lp_action2, lp_action3, income
0, Farm01, 0.2, 0.2, 0.8, 0.2, 0.2, 0.5, REPITITION, cattle, NA, NA, NA, NA, NA, cattle, NA, NA, 61566.252241903785, 
0, Farm02, 0.2, 0.2, 0.8, 0.2, 0.2, 0.5, REPITITION, wheat, eggplants, NA, NA, NA, NA, eggplants, NA, NA, 44741.091974468276, 
0, Farm03, 0.2, 0.2, 0.8, 0.2, 0.2, 0.5, IMITATION, cattle, pigs, sheep, NA, NA, NA, pigs, sheep, NA, 59922.38343537407, 
0, Farm04, 0.2, 0.2, 0.8, 0.2, 0.2, 0.5, REPITITION, wheat, NA, NA, NA, NA, NA, wheat, NA, NA, 31225.99340366005, 
0, Farm05, 0.2, 0.2, 0.8, 0.2, 0.2, 0.5, REPITITION, wheat, pigs, NA, NA, NA, NA, pigs, NA, NA, 39648.018772882795, 
1, Farm01, 0.2, 0.2, 0.8, 0.2, 0.2, 0.5, REPITITION, cattle, NA, NA, NA, NA, NA, cattle, NA, NA, 49002.70725800153, 
1, Farm02, 0.2, 0.2, 0.8, 0.2, 0.2, 0.5, REPITITION, eggplants, NA, NA, NA, NA, NA, eggplants, NA, NA, 47654.98677480943, 
1, Farm03, 0.2, 0.2, 0.8, 0.2, 0.2, 0.5, REPITITION, pigs, sheep, NA, NA, NA, NA, sheep, NA, NA, 39801.31129871644, 
1, Farm04, 0.2, 0.2, 0.8, 0.2, 0.2, 0.5, REPITITION, wheat, NA, NA, NA, NA, NA, wheat, NA, NA, 44250.4205753715, 
1, Farm05, 0.2, 0.2, 0.8, 0.2, 0.2, 0.5, REPITITION, pigs, NA, NA, NA, NA, NA, pigs, NA, NA, 44860.561100625724, 
2, Farm01, 0.2, 0.2, 0.8, 0.2, 0.2, 0.5, REPITITION, cattle, NA, NA, NA, NA, NA, cattle, NA, NA, 44594.0520923812, 
2, Farm02, 0.2, 0.2, 0.8, 0.2, 0.2, 0.5, REPITITION, eggplants, NA, NA, NA, NA, NA, eggplants, NA, NA, 57064.51600593667, 
2, Farm03, 0.2, 0.2, 0.8, 0.2, 0.2, 0.5, IMITATION, cattle, pigs, sheep, NA, NA, NA, pigs, sheep, NA, 30746.73722443181, 
2, Farm04, 0.2, 0.2, 0.8, 0.2, 0.2, 0.5, REPITITION, wheat, NA, NA, NA, NA, NA, wheat, NA, NA, 45370.12723985103, 
2, Farm05, 0.2, 0.2, 0.8, 0.2, 0.2, 0.5, REPITITION, pigs, NA, NA, NA, NA, NA, pigs, NA, NA, 44161.990701184084, 
0, Farm01, 0.2, 0.2, 0.8, 0.2, 0.2, 0.5, REPITITION, cattle, NA, NA, NA, NA, NA, cattle, NA, NA, 43181.0, 
0, Farm02, 0.2, 0.2, 0.8, 0.2, 0.2, 0.5, REPITITION, wheat, eggplants, NA, NA, NA, NA, eggplants, NA, NA, 50875.0, 
0, Farm03, 0.2, 0.2, 0.8, 0.2, 0.2, 0.5, IMITATION, cattle, pigs, sheep, NA, NA, NA, pigs, sheep, NA, 54069.0, 
0, Farm04, 0.2, 0.2, 0.8, 0.2, 0.2, 0.5, REPITITION, wheat, NA, NA, NA, NA, NA, wheat, NA, NA, 37706.0, 
0, Farm05, 0.2, 0.2, 0.8, 0.2, 0.2, 0.5, REPITITION, wheat, pigs, NA, NA, NA, NA, pigs, NA, NA, 60738.0, 
1, Farm01, 0.2, 0.2, 0.8, 0.2, 0.2, 0.5, REPITITION, cattle, NA, NA, NA, NA, NA, cattle, NA, NA, 70162.0, 
1, Farm02, 0.2, 0.2, 0.8, 0.2, 0.2, 0.5, REPITITION, eggplants, NA, NA, NA, NA, NA, eggplants, NA, NA, 44876.0, 
1, Farm03, 0.2, 0.2, 0.8, 0.2, 0.2, 0.5, REPITITION, pigs, sheep, NA, NA, NA, NA, sheep, NA, NA, 46797.0, 
1, Farm04, 0.2, 0.2, 0.8, 0.2, 0.2, 0.5, REPITITION, wheat, NA, NA, NA, NA, NA, wheat, NA, NA, 68721.0, 
1, Farm05, 0.2, 0.2, 0.8, 0.2, 0.2, 0.5, REPITITION, pigs, NA, NA, NA, NA, NA, pigs, NA, NA, 48177.0, 
2, Farm01, 0.2, 0.2, 0.8, 0.2, 0.2, 0.5, REPITITION, cattle, NA, NA, NA, NA, NA, cattle, NA, NA, 56811.0, 
2, Farm02, 0.2, 0.2, 0.8, 0.2, 0.2, 0.5, REPITITION, eggplants, NA, NA, NA, NA, NA, eggplants, NA, NA, 41201.0, 
2, Farm03, 0.2, 0.2, 0.8, 0.2, 0.2, 0.5, IMITATION, cattle, pigs, sheep, NA, NA, NA, pigs, sheep, NA, 36706.0, 
2, Farm04, 0.2, 0.2, 0.8, 0.2, 0.2, 0.5, REPITITION, wheat, NA, NA, NA, NA, NA, wheat, NA, NA, 34304.0, 
2, Farm05, 0.2, 0.2, 0.8, 0.2, 0.2, 0.5, REPITITION, pigs, NA, NA, NA, NA, NA, pigs, NA, NA, 56221.0, 
0, Farm01, 0.2, 0.2, 0.8, 0.2, 0.2, 0.8, REPITITION, cattle, NA, NA, NA, NA, NA, cattle, NA, NA, 39393.0, 
0, Farm02, 0.2, 0.2, 0.8, 0.2, 0.2, 0.8, REPITITION, wheat, eggplants, NA, NA, NA, NA, eggplants, NA, NA, 60682.0, 
0, Farm03, 0.2, 0.2, 0.8, 0.2, 0.2, 0.8, IMITATION, cattle, pigs, sheep, NA, NA, NA, pigs, sheep, NA, 63248.0, 
0, Farm04, 0.2, 0.2, 0.8, 0.2, 0.2, 0.8, REPITITION, wheat, NA, NA, NA, NA, NA, wheat, NA, NA, 46787.0, 
0, Farm05, 0.2, 0.2, 0.8, 0.2, 0.2, 0.8, REPITITION, wheat, pigs, NA, NA, NA, NA, pigs, NA, NA, 36958.0, 
1, Farm01, 0.2, 0.2, 0.8, 0.2, 0.2, 0.8, REPITITION, cattle, NA, NA, NA, NA, NA, cattle, NA, NA, 36597.0, 
1, Farm02, 0.2, 0.2, 0.8, 0.2, 0.2, 0.8, REPITITION, eggplants, NA, NA, NA, NA, NA, eggplants, NA, NA, 49417.0, 
1, Farm03, 0.2, 0.2, 0.8, 0.2, 0.2, 0.8, REPITITION, pigs, sheep, NA, NA, NA, NA, sheep, NA, NA, 40011.0, 
1, Farm04, 0.2, 0.2, 0.8, 0.2, 0.2, 0.8, REPITITION, wheat, NA, NA, NA, NA, NA, wheat, NA, NA, 60585.0, 
1, Farm05, 0.2, 0.2, 0.8, 0.2, 0.2, 0.8, REPITITION, pigs, NA, NA, NA, NA, NA, pigs, NA, NA, 44489.0, 
2, Farm01, 0.2, 0.2, 0.8, 0.2, 0.2, 0.8, REPITITION, cattle, NA, NA, NA, NA, NA, cattle, NA, NA, 63752.0, 
2, Farm02, 0.2, 0.2, 0.8, 0.2, 0.2, 0.8, REPITITION, eggplants, NA, NA, NA, NA, NA, eggplants, NA, NA, 53855.0, 
2, Farm03, 0.2, 0.2, 0.8, 0.2, 0.2, 0.8, IMITATION, cattle, pigs, sheep, NA, NA, NA, pigs, sheep, NA, 63761.0, 
2, Farm04, 0.2, 0.2, 0.8, 0.2, 0.2, 0.8, REPITITION, wheat, NA, NA, NA, NA, NA, wheat, NA, NA, 43965.0, 
2, Farm05, 0.2, 0.2, 0.8, 0.2, 0.2, 0.8, REPITITION, pigs, NA, NA, NA, NA, NA, pigs, NA, NA, 78335.0, 
0, Farm01, 0.4, 0.2, 0.8, 0.2, 0.2, 0.8, REPITITION, cattle, NA, NA, NA, NA, NA, cattle, NA, NA, 53517.0, 
0, Farm02, 0.4, 0.2, 0.8, 0.2, 0.2, 0.8, REPITITION, wheat, eggplants, NA, NA, NA, NA, eggplants, NA, NA, 63970.0, 
0, Farm03, 0.4, 0.2, 0.8, 0.2, 0.2, 0.8, IMITATION, cattle, pigs, sheep, NA, NA, NA, pigs, sheep, NA, 41329.0, 
0, Farm04, 0.4, 0.2, 0.8, 0.2, 0.2, 0.8, REPITITION, wheat, NA, NA, NA, NA, NA, wheat, NA, NA, 38240.0, 
0, Farm05, 0.4, 0.2, 0.8, 0.2, 0.2, 0.8, REPITITION, wheat, pigs, NA, NA, NA, NA, pigs, NA, NA, 51720.0, 
1, Farm01, 0.4, 0.2, 0.8, 0.2, 0.2, 0.8, REPITITION, cattle, NA, NA, NA, NA, NA, cattle, NA, NA, 44446.0, 
1, Farm02, 0.4, 0.2, 0.8, 0.2, 0.2, 0.8, REPITITION, eggplants, NA, NA, NA, NA, NA, eggplants, NA, NA, 53581.0, 
1, Farm03, 0.4, 0.2, 0.8, 0.2, 0.2, 0.8, REPITITION, pigs, sheep, NA, NA, NA, NA, sheep, NA, NA, 68550.0, 
1, Farm04, 0.4, 0.2, 0.8, 0.2, 0.2, 0.8, REPITITION, wheat, NA, NA, NA, NA, NA, wheat, NA, NA, 51480.0, 
1, Farm05, 0.4, 0.2, 0.8, 0.2, 0.2, 0.8, REPITITION, pigs, NA, NA, NA, NA, NA, pigs, NA, NA, 40077.0, 
2, Farm01, 0.4, 0.2, 0.8, 0.2, 0.2, 0.8, REPITITION, cattle, NA, NA, NA, NA, NA, cattle, NA, NA, 45680.0, 
2, Farm02, 0.4, 0.2, 0.8, 0.2, 0.2, 0.8, REPITITION, eggplants, NA, NA, NA, NA, NA, eggplants, NA, NA, 65819.0, 
2, Farm03, 0.4, 0.2, 0.8, 0.2, 0.2, 0.8, IMITATION, cattle, pigs, sheep, NA, NA, NA, pigs, sheep, NA, 29231.0, 
2, Farm04, 0.4, 0.2, 0.8, 0.2, 0.2, 0.8, REPITITION, wheat, NA, NA, NA, NA, NA, wheat, NA, NA, 54669.0, 
2, Farm05, 0.4, 0.2, 0.8, 0.2, 0.2, 0.8, REPITITION, pigs, NA, NA, NA, NA, NA, pigs, NA, NA, 44480.0, 
0, Farm01, 0.6, 0.2, 0.8, 0.2, 0.2, 0.8, REPITITION, cattle, NA, NA, NA, NA, NA, cattle, NA, NA, 61383.0, 
0, Farm02, 0.6, 0.2, 0.8, 0.2, 0.2, 0.8, REPITITION, wheat, eggplants, NA, NA, NA, NA, eggplants, NA, NA, 50700.0, 
0, Farm03, 0.6, 0.2, 0.8, 0.2, 0.2, 0.8, IMITATION, cattle, pigs, sheep, NA, NA, NA, pigs, sheep, NA, 48418.0, 
0, Farm04, 0.6, 0.2, 0.8, 0.2, 0.2, 0.8, REPITITION, wheat, NA, NA, NA, NA, NA, wheat, NA, NA, 43969.0, 
0, Farm05, 0.6, 0.2, 0.8, 0.2, 0.2, 0.8, REPITITION, wheat, pigs, NA, NA, NA, NA, pigs, NA, NA, 49454.0, 
1, Farm01, 0.6, 0.2, 0.8, 0.2, 0.2, 0.8, REPITITION, cattle, NA, NA, NA, NA, NA, cattle, NA, NA, 52525.0, 
1, Farm02, 0.6, 0.2, 0.8, 0.2, 0.2, 0.8, REPITITION, eggplants, NA, NA, NA, NA, NA, eggplants, NA, NA, 28791.0, 
1, Farm03, 0.6, 0.2, 0.8, 0.2, 0.2, 0.8, REPITITION, pigs, sheep, NA, NA, NA, NA, sheep, NA, NA, 27086.0, 
1, Farm04, 0.6, 0.2, 0.8, 0.2, 0.2, 0.8, REPITITION, wheat, NA, NA, NA, NA, NA, wheat, NA, NA, 42242.0, 
1, Farm05, 0.6, 0.2, 0.8, 0.2, 0.2, 0.8, REPITITION, pigs, NA, NA, NA, NA, NA, pigs, NA, NA, 42034.0, 
2, Farm01, 0.6, 0.2, 0.8, 0.2, 0.2, 0.8, REPITITION, cattle, NA, NA, NA, NA, NA, cattle, NA, NA, 60593.0, 
2, Farm02, 0.6, 0.2, 0.8, 0.2, 0.2, 0.8, REPITITION, eggplants, NA, NA, NA, NA, NA, eggplants, NA, NA, 46422.0, 
2, Farm03, 0.6, 0.2, 0.8, 0.2, 0.2, 0.8, IMITATION, cattle, pigs, sheep, NA, NA, NA, pigs, sheep, NA, 48335.0, 
2, Farm04, 0.6, 0.2, 0.8, 0.2, 0.2, 0.8, REPITITION, wheat, NA, NA, NA, NA, NA, wheat, NA, NA, 50638.0, 
2, Farm05, 0.6, 0.2, 0.8, 0.2, 0.2, 0.8, REPITITION, pigs, NA, NA, NA, NA, NA, pigs, NA, NA, 35549.0, 
0, Farm01, 0.8, 0.2, 0.8, 0.2, 0.2, 0.8, REPITITION, cattle, NA, NA, NA, NA, NA, cattle, NA, NA, 52641.0, 
0, Farm02, 0.8, 0.2, 0.8, 0.2, 0.2, 0.8, REPITITION, wheat, eggplants, NA, NA, NA, NA, eggplants, NA, NA, 44835.0, 
0, Farm03, 0.8, 0.2, 0.8, 0.2, 0.2, 0.8, IMITATION, cattle, pigs, sheep, NA, NA, NA, pigs, sheep, NA, 33707.0, 
0, Farm04, 0.8, 0.2, 0.8, 0.2, 0.2, 0.8, REPITITION, wheat, NA, NA, NA, NA, NA, wheat, NA, NA, 28082.0, 
0, Farm05, 0.8, 0.2, 0.8, 0.2, 0.2, 0.8, REPITITION, wheat, pigs, NA, NA, NA, NA, pigs, NA, NA, 42136.0, 
1, Farm01, 0.8, 0.2, 0.8, 0.2, 0.2, 0.8, REPITITION, cattle, NA, NA, NA, NA, NA, cattle, NA, NA, 64506.0, 
1, Farm02, 0.8, 0.2, 0.8, 0.2, 0.2, 0.8, REPITITION, eggplants, NA, NA, NA, NA, NA, eggplants, NA, NA, 41715.0, 
1, Farm03, 0.8, 0.2, 0.8, 0.2, 0.2, 0.8, REPITITION, pigs, sheep, NA, NA, NA, NA, sheep, NA, NA, 70951.0, 
1, Farm04, 0.8, 0.2, 0.8, 0.2, 0.2, 0.8, REPITITION, wheat, NA, NA, NA, NA, NA, wheat, NA, NA, 49491.0, 
1, Farm05, 0.8, 0.2, 0.8, 0.2, 0.2, 0.8, REPITITION, pigs, NA, NA, NA, NA, NA, pigs, NA, NA, 58924.0, 
2, Farm01, 0.8, 0.2, 0.8, 0.2, 0.2, 0.8, REPITITION, cattle, NA, NA, NA, NA, NA, cattle, NA, NA, 52554.0, 
2, Farm02, 0.8, 0.2, 0.8, 0.2, 0.2, 0.8, REPITITION, eggplants, NA, NA, NA, NA, NA, eggplants, NA, NA, 44567.0, 
2, Farm03, 0.8, 0.2, 0.8, 0.2, 0.2, 0.8, IMITATION, cattle, pigs, sheep, NA, NA, NA, pigs, sheep, NA, 69078.0, 
2, Farm04, 0.8, 0.2, 0.8, 0.2, 0.2, 0.8, REPITITION, wheat, NA, NA, NA, NA, NA, wheat, NA, NA, 59028.0, 
2, Farm05, 0.8, 0.2, 0.8, 0.2, 0.2, 0.8, REPITITION, pigs, NA, NA, NA, NA, NA, pigs, NA, NA, 33944.0, 
0, Farm01, 0.2, 0.4, 0.8, 0.2, 0.2, 0.8, REPITITION, cattle, NA, NA, NA, NA, NA, cattle, NA, NA, 47851.0, 
0, Farm02, 0.2, 0.4, 0.8, 0.2, 0.2, 0.8, REPITITION, wheat, eggplants, NA, NA, NA, NA, eggplants, NA, NA, 48309.0, 
0, Farm03, 0.2, 0.4, 0.8, 0.2, 0.2, 0.8, IMITATION, cattle, pigs, sheep, NA, NA, NA, pigs, sheep, NA, 51059.0, 
0, Farm04, 0.2, 0.4, 0.8, 0.2, 0.2, 0.8, REPITITION, wheat, NA, NA, NA, NA, NA, wheat, NA, NA, 56026.0, 
0, Farm05, 0.2, 0.4, 0.8, 0.2, 0.2, 0.8, REPITITION, wheat, pigs, NA, NA, NA, NA, pigs, NA, NA, 42772.0, 
1, Farm01, 0.2, 0.4, 0.8, 0.2, 0.2, 0.8, REPITITION, cattle, NA, NA, NA, NA, NA, cattle, NA, NA, 54736.0, 
1, Farm02, 0.2, 0.4, 0.8, 0.2, 0.2, 0.8, REPITITION, eggplants, NA, NA, NA, NA, NA, eggplants, NA, NA, 52306.0, 
1, Farm03, 0.2, 0.4, 0.8, 0.2, 0.2, 0.8, REPITITION, pigs, sheep, NA, NA, NA, NA, sheep, NA, NA, 56829.0, 
1, Farm04, 0.2, 0.4, 0.8, 0.2, 0.2, 0.8, REPITITION, wheat, NA, NA, NA, NA, NA, wheat, NA, NA, 54563.0, 
1, Farm05, 0.2, 0.4, 0.8, 0.2, 0.2, 0.8, REPITITION, pigs, NA, NA, NA, NA, NA, pigs, NA, NA, 55846.0, 
2, Farm01, 0.2, 0.4, 0.8, 0.2, 0.2, 0.8, REPITITION, cattle, NA, NA, NA, NA, NA, cattle, NA, NA, 53415.0, 
2, Farm02, 0.2, 0.4, 0.8, 0.2, 0.2, 0.8, REPITITION, eggplants, NA, NA, NA, NA, NA, eggplants, NA, NA, 40745.0, 
2, Farm03, 0.2, 0.4, 0.8, 0.2, 0.2, 0.8, IMITATION, cattle, pigs, sheep, NA, NA, NA, pigs, sheep, NA, 40575.0, 
2, Farm04, 0.2, 0.4, 0.8, 0.2, 0.2, 0.8, REPITITION, wheat, NA, NA, NA, NA, NA, wheat, NA, NA, 72248.0, 
2, Farm05, 0.2, 0.4, 0.8, 0.2, 0.2, 0.8, REPITITION, pigs, NA, NA, NA, NA, NA, pigs, NA, NA, 46920.0, 
0, Farm01, 0.4, 0.4, 0.8, 0.2, 0.2, 0.8, REPITITION, cattle, NA, NA, NA, NA, NA, cattle, NA, NA, 62044.0, 
0, Farm02, 0.4, 0.4, 0.8, 0.2, 0.2, 0.8, REPITITION, wheat, eggplants, NA, NA, NA, NA, eggplants, NA, NA, 55688.0, 
0, Farm03, 0.4, 0.4, 0.8, 0.2, 0.2, 0.8, IMITATION, cattle, pigs, sheep, NA, NA, NA, pigs, sheep, NA, 58870.0, 
0, Farm04, 0.4, 0.4, 0.8, 0.2, 0.2, 0.8, REPITITION, wheat, NA, NA, NA, NA, NA, wheat, NA, NA, 62422.0, 
0, Farm05, 0.4, 0.4, 0.8, 0.2, 0.2, 0.8, REPITITION, wheat, pigs, NA, NA, NA, NA, pigs, NA, NA, 54242.0, 
1, Farm01, 0.4, 0.4, 0.8, 0.2, 0.2, 0.8, REPITITION, cattle, NA, NA, NA, NA, NA, cattle, NA, NA, 71308.0, 
1, Farm02, 0.4, 0.4, 0.8, 0.2, 0.2, 0.8, REPITITION, eggplants, NA, NA, NA, NA, NA, eggplants, NA, NA, 41848.0, 
1, Farm03, 0.4, 0.4, 0.8, 0.2, 0.2, 0.8, REPITITION, pigs, sheep, NA, NA, NA, NA, sheep, NA, NA, 83609.0, 
1, Farm04, 0.4, 0.4, 0.8, 0.2, 0.2, 0.8, REPITITION, wheat, NA, NA, NA, NA, NA, wheat, NA, NA, 50238.0, 
1, Farm05, 0.4, 0.4, 0.8, 0.2, 0.2, 0.8, REPITITION, pigs, NA, NA, NA, NA, NA, pigs, NA, NA, 27242.0, 
2, Farm01, 0.4, 0.4, 0.8, 0.2, 0.2, 0.8, REPITITION, cattle, NA, NA, NA, NA, NA, cattle, NA, NA, 42594.0, 
2, Farm02, 0.4, 0.4, 0.8, 0.2, 0.2, 0.8, REPITITION, eggplants, NA, NA, NA, NA, NA, eggplants, NA, NA, 55550.0, 
2, Farm03, 0.4, 0.4, 0.8, 0.2, 0.2, 0.8, IMITATION, cattle, pigs, sheep, NA, NA, NA, pigs, sheep, NA, 43877.0, 
2, Farm04, 0.4, 0.4, 0.8, 0.2, 0.2, 0.8, REPITITION, wheat, NA, NA, NA, NA, NA, wheat, NA, NA, 57882.0, 
2, Farm05, 0.4, 0.4, 0.8, 0.2, 0.2, 0.8, REPITITION, pigs, NA, NA, NA, NA, NA, pigs, NA, NA, 47319.0, 
0, Farm01, 0.6, 0.4, 0.8, 0.2, 0.2, 0.8, REPITITION, cattle, NA, NA, NA, NA, NA, cattle, NA, NA, 39008.0, 
0, Farm02, 0.6, 0.4, 0.8, 0.2, 0.2, 0.8, REPITITION, wheat, eggplants, NA, NA, NA, NA, eggplants, NA, NA, 39836.0, 
0, Farm03, 0.6, 0.4, 0.8, 0.2, 0.2, 0.8, IMITATION, cattle, pigs, sheep, NA, NA, NA, pigs, sheep, NA, 43550.0, 
0, Farm04, 0.6, 0.4, 0.8, 0.2, 0.2, 0.8, REPITITION, wheat, NA, NA, NA, NA, NA, wheat, NA, NA, 53782.0, 
0, Farm05, 0.6, 0.4, 0.8, 0.2, 0.2, 0.8, REPITITION, wheat, pigs, NA, NA, NA, NA, pigs, NA, NA, 66236.0, 
1, Farm01, 0.6, 0.4, 0.8, 0.2, 0.2, 0.8, REPITITION, cattle, NA, NA, NA, NA, NA, cattle, NA, NA, 56782.0, 
1, Farm02, 0.6, 0.4, 0.8, 0.2, 0.2, 0.8, REPITITION, eggplants, NA, NA, NA, NA, NA, eggplants, NA, NA, 27715.0, 
1, Farm03, 0.6, 0.4, 0.8, 0.2, 0.2, 0.8, REPITITION, pigs, sheep, NA, NA, NA, NA, sheep, NA, NA, 56353.0, 
1, Farm04, 0.6, 0.4, 0.8, 0.2, 0.2, 0.8, REPITITION, wheat, NA, NA, NA, NA, NA, wheat, NA, NA, 52324.0, 
1, Farm05, 0.6, 0.4, 0.8, 0.2, 0.2, 0.8, REPITITION, pigs, NA, NA, NA, NA, NA, pigs, NA, NA, 56387.0, 
2, Farm01, 0.6, 0.4, 0.8, 0.2, 0.2, 0.8, REPITITION, cattle, NA, NA, NA, NA, NA, cattle, NA, NA, 55141.0, 
2, Farm02, 0.6, 0.4, 0.8, 0.2, 0.2, 0.8, REPITITION, eggplants, NA, NA, NA, NA, NA, eggplants, NA, NA, 36044.0, 
2, Farm03, 0.6, 0.4, 0.8, 0.2, 0.2, 0.8, IMITATION, cattle, pigs, sheep, NA, NA, NA, pigs, sheep, NA, 60060.0, 
2, Farm04, 0.6, 0.4, 0.8, 0.2, 0.2, 0.8, REPITITION, wheat, NA, NA, NA, NA, NA, wheat, NA, NA, 59847.0, 
2, Farm05, 0.6, 0.4, 0.8, 0.2, 0.2, 0.8, REPITITION, pigs, NA, NA, NA, NA, NA, pigs, NA, NA, 39927.0, 
0, Farm01, 0.8, 0.4, 0.8, 0.2, 0.2, 0.8, REPITITION, cattle, NA, NA, NA, NA, NA, cattle, NA, NA, 35740.0, 
0, Farm02, 0.8, 0.4, 0.8, 0.2, 0.2, 0.8, REPITITION, wheat, eggplants, NA, NA, NA, NA, eggplants, NA, NA, 64099.0, 
0, Farm03, 0.8, 0.4, 0.8, 0.2, 0.2, 0.8, IMITATION, cattle, pigs, sheep, NA, NA, NA, pigs, sheep, NA, 64462.0, 
0, Farm04, 0.8, 0.4, 0.8, 0.2, 0.2, 0.8, REPITITION, wheat, NA, NA, NA, NA, NA, wheat, NA, NA, 59975.0, 
0, Farm05, 0.8, 0.4, 0.8, 0.2, 0.2, 0.8, REPITITION, wheat, pigs, NA, NA, NA, NA, pigs, NA, NA, 58442.0, 
1, Farm01, 0.8, 0.4, 0.8, 0.2, 0.2, 0.8, REPITITION, cattle, NA, NA, NA, NA, NA, cattle, NA, NA, 58050.0, 
1, Farm02, 0.8, 0.4, 0.8, 0.2, 0.2, 0.8, REPITITION, eggplants, NA, NA, NA, NA, NA, eggplants, NA, NA, 49470.0, 
1, Farm03, 0.8, 0.4, 0.8, 0.2, 0.2, 0.8, REPITITION, pigs, sheep, NA, NA, NA, NA, sheep, NA, NA, 42644.0, 
1, Farm04, 0.8, 0.4, 0.8, 0.2, 0.2, 0.8, REPITITION, wheat, NA, NA, NA, NA, NA, wheat, NA, NA, 29973.0, 
1, Farm05, 0.8, 0.4, 0.8, 0.2, 0.2, 0.8, REPITITION, pigs, NA, NA, NA, NA, NA, pigs, NA, NA, 57831.0, 
2, Farm01, 0.8, 0.4, 0.8, 0.2, 0.2, 0.8, REPITITION, cattle, NA, NA, NA, NA, NA, cattle, NA, NA, 51053.0, 
2, Farm02, 0.8, 0.4, 0.8, 0.2, 0.2, 0.8, REPITITION, eggplants, NA, NA, NA, NA, NA, eggplants, NA, NA, 41173.0, 
2, Farm03, 0.8, 0.4, 0.8, 0.2, 0.2, 0.8, IMITATION, cattle, pigs, sheep, NA, NA, NA, pigs, sheep, NA, 34680.0, 
2, Farm04, 0.8, 0.4, 0.8, 0.2, 0.2, 0.8, REPITITION, wheat, NA, NA, NA, NA, NA, wheat, NA, NA, 48532.0, 
2, Farm05, 0.8, 0.4, 0.8, 0.2, 0.2, 0.8, REPITITION, pigs, NA, NA, NA, NA, NA, pigs, NA, NA, 51738.0, 
0, Farm01, 0.2, 0.6, 0.8, 0.2, 0.2, 0.8, REPITITION, cattle, NA, NA, NA, NA, NA, cattle, NA, NA, 58607.0, 
0, Farm02, 0.2, 0.6, 0.8, 0.2, 0.2, 0.8, REPITITION, wheat, eggplants, NA, NA, NA, NA, eggplants, NA, NA, 62885.0, 
0, Farm03, 0.2, 0.6, 0.8, 0.2, 0.2, 0.8, IMITATION, cattle, pigs, sheep, NA, NA, NA, pigs, sheep, NA, 49922.0, 
0, Farm04, 0.2, 0.6, 0.8, 0.2, 0.2, 0.8, REPITITION, wheat, NA, NA, NA, NA, NA, wheat, NA, NA, 54573.0, 
0, Farm05, 0.2, 0.6, 0.8, 0.2, 0.2, 0.8, REPITITION, wheat, pigs, NA, NA, NA, NA, pigs, NA, NA, 57432.0, 
1, Farm01, 0.2, 0.6, 0.8, 0.2, 0.2, 0.8, REPITITION, cattle, NA, NA, NA, NA, NA, cattle, NA, NA, 51594.0, 
1, Farm02, 0.2, 0.6, 0.8, 0.2, 0.2, 0.8, REPITITION, eggplants, NA, NA, NA, NA, NA, eggplants, NA, NA, 64624.0, 
1, Farm03, 0.2, 0.6, 0.8, 0.2, 0.2, 0.8, REPITITION, pigs, sheep, NA, NA, NA, NA, sheep, NA, NA, 51492.0, 
1, Farm04, 0.2, 0.6, 0.8, 0.2, 0.2, 0.8, REPITITION, wheat, NA, NA, NA, NA, NA, wheat, NA, NA, 53482.0, 
1, Farm05, 0.2, 0.6, 0.8, 0.2, 0.2, 0.8, REPITITION, pigs, NA, NA, NA, NA, NA, pigs, NA, NA, 61616.0, 
2, Farm01, 0.2, 0.6, 0.8, 0.2, 0.2, 0.8, REPITITION, cattle, NA, NA, NA, NA, NA, cattle, NA, NA, 40357.0, 
2, Farm02, 0.2, 0.6, 0.8, 0.2, 0.2, 0.8, REPITITION, eggplants, NA, NA, NA, NA, NA, eggplants, NA, NA, 60423.0, 
2, Farm03, 0.2, 0.6, 0.8, 0.2, 0.2, 0.8, IMITATION, cattle, pigs, sheep, NA, NA, NA, pigs, sheep, NA, 61003.0, 
2, Farm04, 0.2, 0.6, 0.8, 0.2, 0.2, 0.8, REPITITION, wheat, NA, NA, NA, NA, NA, wheat, NA, NA, 51226.0, 
2, Farm05, 0.2, 0.6, 0.8, 0.2, 0.2, 0.8, REPITITION, pigs, NA, NA, NA, NA, NA, pigs, NA, NA, 49133.0, 
0, Farm01, 0.4, 0.6, 0.8, 0.2, 0.2, 0.8, REPITITION, cattle, NA, NA, NA, NA, NA, cattle, NA, NA, 45433.0, 
0, Farm02, 0.4, 0.6, 0.8, 0.2, 0.2, 0.8, REPITITION, wheat, eggplants, NA, NA, NA, NA, eggplants, NA, NA, 57958.0, 
0, Farm03, 0.4, 0.6, 0.8, 0.2, 0.2, 0.8, IMITATION, cattle, pigs, sheep, NA, NA, NA, pigs, sheep, NA, 40578.0, 
0, Farm04, 0.4, 0.6, 0.8, 0.2, 0.2, 0.8, REPITITION, wheat, NA, NA, NA, NA, NA, wheat, NA, NA, 55211.0, 
0, Farm05, 0.4, 0.6, 0.8, 0.2, 0.2, 0.8, REPITITION, wheat, pigs, NA, NA, NA, NA, pigs, NA, NA, 46838.0, 
1, Farm01, 0.4, 0.6, 0.8, 0.2, 0.2, 0.8, REPITITION, cattle, NA, NA, NA, NA, NA, cattle, NA, NA, 62349.0, 
1, Farm02, 0.4, 0.6, 0.8, 0.2, 0.2, 0.8, REPITITION, eggplants, NA, NA, NA, NA, NA, eggplants, NA, NA, 71751.0, 
1, Farm03, 0.4, 0.6, 0.8, 0.2, 0.2, 0.8, REPITITION, pigs, sheep, NA, NA, NA, NA, sheep, NA, NA, 61851.0, 
1, Farm04, 0.4, 0.6, 0.8, 0.2, 0.2, 0.8, REPITITION, wheat, NA, NA, NA, NA, NA, wheat, NA, NA, 49066.0, 
1, Farm05, 0.4, 0.6, 0.8, 0.2, 0.2, 0.8, REPITITION, pigs, NA, NA, NA, NA, NA, pigs, NA, NA, 49754.0, 
2, Farm01, 0.4, 0.6, 0.8, 0.2, 0.2, 0.8, REPITITION, cattle, NA, NA, NA, NA, NA, cattle, NA, NA, 68465.0, 
2, Farm02, 0.4, 0.6, 0.8, 0.2, 0.2, 0.8, OPTIMIZATION, cattle, pigs, sheep, NA, NA, NA, pigs, sheep, NA, 36578.0, 
2, Farm03, 0.4, 0.6, 0.8, 0.2, 0.2, 0.8, IMITATION, pigs, sheep, NA, NA, NA, NA, sheep, NA, NA, 39402.0, 
2, Farm04, 0.4, 0.6, 0.8, 0.2, 0.2, 0.8, REPITITION, wheat, NA, NA, NA, NA, NA, wheat, NA, NA, 66951.0, 
2, Farm05, 0.4, 0.6, 0.8, 0.2, 0.2, 0.8, OPTIMIZATION, cattle, pigs, sheep, NA, NA, NA, pigs, sheep, NA, 31824.0, 
0, Farm01, 0.6, 0.6, 0.8, 0.2, 0.2, 0.8, REPITITION, cattle, NA, NA, NA, NA, NA, cattle, NA, NA, 52661.0, 
0, Farm02, 0.6, 0.6, 0.8, 0.2, 0.2, 0.8, REPITITION, wheat, eggplants, NA, NA, NA, NA, eggplants, NA, NA, 50782.0, 
0, Farm03, 0.6, 0.6, 0.8, 0.2, 0.2, 0.8, IMITATION, cattle, pigs, sheep, NA, NA, NA, pigs, sheep, NA, 50198.0, 
0, Farm04, 0.6, 0.6, 0.8, 0.2, 0.2, 0.8, REPITITION, wheat, NA, NA, NA, NA, NA, wheat, NA, NA, 76294.0, 
0, Farm05, 0.6, 0.6, 0.8, 0.2, 0.2, 0.8, REPITITION, wheat, pigs, NA, NA, NA, NA, pigs, NA, NA, 57020.0, 
1, Farm01, 0.6, 0.6, 0.8, 0.2, 0.2, 0.8, REPITITION, cattle, NA, NA, NA, NA, NA, cattle, NA, NA, 56348.0, 
1, Farm02, 0.6, 0.6, 0.8, 0.2, 0.2, 0.8, REPITITION, eggplants, NA, NA, NA, NA, NA, eggplants, NA, NA, 48475.0, 
1, Farm03, 0.6, 0.6, 0.8, 0.2, 0.2, 0.8, REPITITION, pigs, sheep, NA, NA, NA, NA, sheep, NA, NA, 54990.0, 
1, Farm04, 0.6, 0.6, 0.8, 0.2, 0.2, 0.8, REPITITION, wheat, NA, NA, NA, NA, NA, wheat, NA, NA, 42548.0, 
1, Farm05, 0.6, 0.6, 0.8, 0.2, 0.2, 0.8, REPITITION, pigs, NA, NA, NA, NA, NA, pigs, NA, NA, 35905.0, 
2, Farm01, 0.6, 0.6, 0.8, 0.2, 0.2, 0.8, REPITITION, cattle, NA, NA, NA, NA, NA, cattle, NA, NA, 37681.0, 
2, Farm02, 0.6, 0.6, 0.8, 0.2, 0.2, 0.8, REPITITION, eggplants, NA, NA, NA, NA, NA, eggplants, NA, NA, 41202.0, 
2, Farm03, 0.6, 0.6, 0.8, 0.2, 0.2, 0.8, IMITATION, cattle, pigs, sheep, NA, NA, NA, pigs, sheep, NA, 55776.0, 
2, Farm04, 0.6, 0.6, 0.8, 0.2, 0.2, 0.8, REPITITION, wheat, NA, NA, NA, NA, NA, wheat, NA, NA, 41559.0, 
2, Farm05, 0.6, 0.6, 0.8, 0.2, 0.2, 0.8, REPITITION, pigs, NA, NA, NA, NA, NA, pigs, NA, NA, 57069.0, 
0, Farm01, 0.8, 0.6, 0.8, 0.2, 0.2, 0.8, REPITITION, cattle, NA, NA, NA, NA, NA, cattle, NA, NA, 40082.0, 
0, Farm02, 0.8, 0.6, 0.8, 0.2, 0.2, 0.8, REPITITION, wheat, eggplants, NA, NA, NA, NA, eggplants, NA, NA, 55409.0, 
0, Farm03, 0.8, 0.6, 0.8, 0.2, 0.2, 0.8, IMITATION, cattle, pigs, sheep, NA, NA, NA, pigs, sheep, NA, 58885.0, 
0, Farm04, 0.8, 0.6, 0.8, 0.2, 0.2, 0.8, REPITITION, wheat, NA, NA, NA, NA, NA, wheat, NA, NA, 30355.0, 
0, Farm05, 0.8, 0.6, 0.8, 0.2, 0.2, 0.8, REPITITION, wheat, pigs, NA, NA, NA, NA, pigs, NA, NA, 51984.0, 
1, Farm01, 0.8, 0.6, 0.8, 0.2, 0.2, 0.8, REPITITION, cattle, NA, NA, NA, NA, NA, cattle, NA, NA, 35058.0, 
1, Farm02, 0.8, 0.6, 0.8, 0.2, 0.2, 0.8, REPITITION, eggplants, NA, NA, NA, NA, NA, eggplants, NA, NA, 43711.0, 
1, Farm03, 0.8, 0.6, 0.8, 0.2, 0.2, 0.8, REPITITION, pigs, sheep, NA, NA, NA, NA, sheep, NA, NA, 52319.0, 
1, Farm04, 0.8, 0.6, 0.8, 0.2, 0.2, 0.8, REPITITION, wheat, NA, NA, NA, NA, NA, wheat, NA, NA, 35927.0, 
1, Farm05, 0.8, 0.6, 0.8, 0.2, 0.2, 0.8, REPITITION, pigs, NA, NA, NA, NA, NA, pigs, NA, NA, 53355.0, 
2, Farm01, 0.8, 0.6, 0.8, 0.2, 0.2, 0.8, REPITITION, cattle, NA, NA, NA, NA, NA, cattle, NA, NA, 50835.0, 
2, Farm02, 0.8, 0.6, 0.8, 0.2, 0.2, 0.8, REPITITION, eggplants, NA, NA, NA, NA, NA, eggplants, NA, NA, 42961.0, 
2, Farm03, 0.8, 0.6, 0.8, 0.2, 0.2, 0.8, IMITATION, cattle, pigs, sheep, NA, NA, NA, pigs, sheep, NA, 53832.0, 
2, Farm04, 0.8, 0.6, 0.8, 0.2, 0.2, 0.8, REPITITION, wheat, NA, NA, NA, NA, NA, wheat, NA, NA, 64735.0, 
2, Farm05, 0.8, 0.6, 0.8, 0.2, 0.2, 0.8, REPITITION, pigs, NA, NA, NA, NA, NA, pigs, NA, NA, 42025.0, 
0, Farm01, 0.2, 0.8, 0.8, 0.2, 0.2, 0.8, REPITITION, cattle, NA, NA, NA, NA, NA, cattle, NA, NA, 59774.0, 
0, Farm02, 0.2, 0.8, 0.8, 0.2, 0.2, 0.8, REPITITION, wheat, eggplants, NA, NA, NA, NA, eggplants, NA, NA, 64771.0, 
0, Farm03, 0.2, 0.8, 0.8, 0.2, 0.2, 0.8, IMITATION, cattle, pigs, sheep, NA, NA, NA, pigs, sheep, NA, 78378.0, 
0, Farm04, 0.2, 0.8, 0.8, 0.2, 0.2, 0.8, REPITITION, wheat, NA, NA, NA, NA, NA, wheat, NA, NA, 49697.0, 
0, Farm05, 0.2, 0.8, 0.8, 0.2, 0.2, 0.8, REPITITION, wheat, pigs, NA, NA, NA, NA, pigs, NA, NA, 45434.0, 
1, Farm01, 0.2, 0.8, 0.8, 0.2, 0.2, 0.8, REPITITION, cattle, NA, NA, NA, NA, NA, cattle, NA, NA, 47056.0, 
1, Farm02, 0.2, 0.8, 0.8, 0.2, 0.2, 0.8, REPITITION, eggplants, NA, NA, NA, NA, NA, eggplants, NA, NA, 55460.0, 
1, Farm03, 0.2, 0.8, 0.8, 0.2, 0.2, 0.8, OPTIMIZATION, pigs, sheep, NA, NA, NA, NA, sheep, NA, NA, 32439.0, 
1, Farm04, 0.2, 0.8, 0.8, 0.2, 0.2, 0.8, REPITITION, wheat, NA, NA, NA, NA, NA, wheat, NA, NA, 49771.0, 
1, Farm05, 0.2, 0.8, 0.8, 0.2, 0.2, 0.8, REPITITION, pigs, NA, NA, NA, NA, NA, pigs, NA, NA, 52757.0, 
2, Farm01, 0.2, 0.8, 0.8, 0.2, 0.2, 0.8, REPITITION, cattle, NA, NA, NA, NA, NA, cattle, NA, NA, 47093.0, 
2, Farm02, 0.2, 0.8, 0.8, 0.2, 0.2, 0.8, REPITITION, eggplants, NA, NA, NA, NA, NA, eggplants, NA, NA, 56723.0, 
2, Farm03, 0.2, 0.8, 0.8, 0.2, 0.2, 0.8, OPT_OUT, NA, NA, NA, NA, NA, NA, NA, NA, NA, 61891.0, 
2, Farm04, 0.2, 0.8, 0.8, 0.2, 0.2, 0.8, OPTIMIZATION, pigs, sheep, NA, NA, NA, NA, sheep, NA, NA, 33442.0, 
2, Farm05, 0.2, 0.8, 0.8, 0.2, 0.2, 0.8, REPITITION, pigs, NA, NA, NA, NA, NA, pigs, NA, NA, 44691.0, 
0, Farm01, 0.4, 0.8, 0.8, 0.2, 0.2, 0.8, REPITITION, cattle, NA, NA, NA, NA, NA, cattle, NA, NA, 54684.0, 
0, Farm02, 0.4, 0.8, 0.8, 0.2, 0.2, 0.8, REPITITION, wheat, eggplants, NA, NA, NA, NA, eggplants, NA, NA, 55989.0, 
0, Farm03, 0.4, 0.8, 0.8, 0.2, 0.2, 0.8, IMITATION, cattle, pigs, sheep, NA, NA, NA, pigs, sheep, NA, 57399.0, 
0, Farm04, 0.4, 0.8, 0.8, 0.2, 0.2, 0.8, REPITITION, wheat, NA, NA, NA, NA, NA, wheat, NA, NA, 67750.0, 
0, Farm05, 0.4, 0.8, 0.8, 0.2, 0.2, 0.8, REPITITION, wheat, pigs, NA, NA, NA, NA, pigs, NA, NA, 61424.0, 
1, Farm01, 0.4, 0.8, 0.8, 0.2, 0.2, 0.8, REPITITION, cattle, NA, NA, NA, NA, NA, cattle, NA, NA, 68004.0, 
1, Farm02, 0.4, 0.8, 0.8, 0.2, 0.2, 0.8, REPITITION, eggplants, NA, NA, NA, NA, NA, eggplants, NA, NA, 52282.0, 
1, Farm03, 0.4, 0.8, 0.8, 0.2, 0.2, 0.8, REPITITION, pigs, sheep, NA, NA, NA, NA, sheep, NA, NA, 51134.0, 
1, Farm04, 0.4, 0.8, 0.8, 0.2, 0.2, 0.8, REPITITION, wheat, NA, NA, NA, NA, NA, wheat, NA, NA, 38224.0, 
1, Farm05, 0.4, 0.8, 0.8, 0.2, 0.2, 0.8, REPITITION, pigs, NA, NA, NA, NA, NA, pigs, NA, NA, 65250.0, 
2, Farm01, 0.4, 0.8, 0.8, 0.2, 0.2, 0.8, OPTIMIZATION, pigs, sheep, NA, NA, NA, NA, sheep, NA, NA, 34332.0, 
2, Farm02, 0.4, 0.8, 0.8, 0.2, 0.2, 0.8, OPTIMIZATION, cattle, pigs, sheep, NA, NA, NA, pigs, sheep, NA, 33778.0, 
2, Farm03, 0.4, 0.8, 0.8, 0.2, 0.2, 0.8, IMITATION, pigs, sheep, NA, NA, NA, NA, sheep, NA, NA, 44421.0, 
2, Farm04, 0.4, 0.8, 0.8, 0.2, 0.2, 0.8, REPITITION, wheat, NA, NA, NA, NA, NA, wheat, NA, NA, 40302.0, 
2, Farm05, 0.4, 0.8, 0.8, 0.2, 0.2, 0.8, REPITITION, pigs, NA, NA, NA, NA, NA, pigs, NA, NA, 50840.0, 
0, Farm01, 0.6, 0.8, 0.8, 0.2, 0.2, 0.8, REPITITION, cattle, NA, NA, NA, NA, NA, cattle, NA, NA, 32971.0, 
0, Farm02, 0.6, 0.8, 0.8, 0.2, 0.2, 0.8, REPITITION, wheat, eggplants, NA, NA, NA, NA, eggplants, NA, NA, 49901.0, 
0, Farm03, 0.6, 0.8, 0.8, 0.2, 0.2, 0.8, IMITATION, cattle, pigs, sheep, NA, NA, NA, pigs, sheep, NA, 53474.0, 
0, Farm04, 0.6, 0.8, 0.8, 0.2, 0.2, 0.8, REPITITION, wheat, NA, NA, NA, NA, NA, wheat, NA, NA, 60370.0, 
0, Farm05, 0.6, 0.8, 0.8, 0.2, 0.2, 0.8, REPITITION, wheat, pigs, NA, NA, NA, NA, pigs, NA, NA, 47392.0, 
1, Farm01, 0.6, 0.8, 0.8, 0.2, 0.2, 0.8, OPTIMIZATION, maize, cattle, pigs, sheep, NA, NA, pigs, sheep, NA, 62433.0, 
1, Farm02, 0.6, 0.8, 0.8, 0.2, 0.2, 0.8, REPITITION, eggplants, NA, NA, NA, NA, NA, eggplants, NA, NA, 70421.0, 
1, Farm03, 0.6, 0.8, 0.8, 0.2, 0.2, 0.8, REPITITION, pigs, sheep, NA, NA, NA, NA, sheep, NA, NA, 49002.0, 
1, Farm04, 0.6, 0.8, 0.8, 0.2, 0.2, 0.8, REPITITION, wheat, NA, NA, NA, NA, NA, wheat, NA, NA, 42992.0, 
1, Farm05, 0.6, 0.8, 0.8, 0.2, 0.2, 0.8, REPITITION, pigs, NA, NA, NA, NA, NA, pigs, NA, NA, 46554.0, 
2, Farm01, 0.6, 0.8, 0.8, 0.2, 0.2, 0.8, OPTIMIZATION, cattle, pigs, sheep, NA, NA, NA, pigs, sheep, NA, 37051.0, 
2, Farm02, 0.6, 0.8, 0.8, 0.2, 0.2, 0.8, REPITITION, eggplants, NA, NA, NA, NA, NA, eggplants, NA, NA, 44236.0, 
2, Farm03, 0.6, 0.8, 0.8, 0.2, 0.2, 0.8, IMITATION, pigs, sheep, NA, NA, NA, NA, sheep, NA, NA, 56327.0, 
2, Farm04, 0.6, 0.8, 0.8, 0.2, 0.2, 0.8, REPITITION, wheat, NA, NA, NA, NA, NA, wheat, NA, NA, 56021.0, 
2, Farm05, 0.6, 0.8, 0.8, 0.2, 0.2, 0.8, REPITITION, pigs, NA, NA, NA, NA, NA, pigs, NA, NA, 59963.0, 
0, Farm01, 0.8, 0.8, 0.8, 0.2, 0.2, 0.8, REPITITION, cattle, NA, NA, NA, NA, NA, cattle, NA, NA, 28991.0, 
0, Farm02, 0.8, 0.8, 0.8, 0.2, 0.2, 0.8, REPITITION, wheat, eggplants, NA, NA, NA, NA, eggplants, NA, NA, 49123.0, 
0, Farm03, 0.8, 0.8, 0.8, 0.2, 0.2, 0.8, IMITATION, cattle, pigs, sheep, NA, NA, NA, pigs, sheep, NA, 60136.0, 
0, Farm04, 0.8, 0.8, 0.8, 0.2, 0.2, 0.8, REPITITION, wheat, NA, NA, NA, NA, NA, wheat, NA, NA, 37616.0, 
0, Farm05, 0.8, 0.8, 0.8, 0.2, 0.2, 0.8, REPITITION, wheat, pigs, NA, NA, NA, NA, pigs, NA, NA, 65428.0, 
1, Farm01, 0.8, 0.8, 0.8, 0.2, 0.2, 0.8, REPITITION, cattle, NA, NA, NA, NA, NA, cattle, NA, NA, 53261.0, 
1, Farm02, 0.8, 0.8, 0.8, 0.2, 0.2, 0.8, REPITITION, eggplants, NA, NA, NA, NA, NA, eggplants, NA, NA, 65151.0, 
1, Farm03, 0.8, 0.8, 0.8, 0.2, 0.2, 0.8, REPITITION, pigs, sheep, NA, NA, NA, NA, sheep, NA, NA, 60450.0, 
1, Farm04, 0.8, 0.8, 0.8, 0.2, 0.2, 0.8, REPITITION, wheat, NA, NA, NA, NA, NA, wheat, NA, NA, 47449.0, 
1, Farm05, 0.8, 0.8, 0.8, 0.2, 0.2, 0.8, REPITITION, pigs, NA, NA, NA, NA, NA, pigs, NA, NA, 45430.0, 
2, Farm01, 0.8, 0.8, 0.8, 0.2, 0.2, 0.8, REPITITION, cattle, NA, NA, NA, NA, NA, cattle, NA, NA, 44338.0, 
2, Farm02, 0.8, 0.8, 0.8, 0.2, 0.2, 0.8, REPITITION, eggplants, NA, NA, NA, NA, NA, eggplants, NA, NA, 47726.0, 
2, Farm03, 0.8, 0.8, 0.8, 0.2, 0.2, 0.8, IMITATION, cattle, pigs, sheep, NA, NA, NA, pigs, sheep, NA, 51432.0, 
2, Farm04, 0.8, 0.8, 0.8, 0.2, 0.2, 0.8, REPITITION, wheat, NA, NA, NA, NA, NA, wheat, NA, NA, 34016.0, 
2, Farm05, 0.8, 0.8, 0.8, 0.2, 0.2, 0.8, REPITITION, pigs, NA, NA, NA, NA, NA, pigs, NA, NA, 55328.0, 
0, Farm01, 0.2, 0.2, 1.0, 0.2, 0.2, 0.8, REPITITION, cattle, NA, NA, NA, NA, NA, cattle, NA, NA, 56309.0, 
0, Farm02, 0.2, 0.2, 1.0, 0.2, 0.2, 0.8, REPITITION, wheat, eggplants, NA, NA, NA, NA, eggplants, NA, NA, 58823.0, 
0, Farm03, 0.2, 0.2, 1.0, 0.2, 0.2, 0.8, IMITATION, cattle, pigs, sheep, NA, NA, NA, pigs, sheep, NA, 49559.0, 
0, Farm04, 0.2, 0.2, 1.0, 0.2, 0.2, 0.8, REPITITION, wheat, NA, NA, NA, NA, NA, wheat, NA, NA, 64854.0, 
0, Farm05, 0.2, 0.2, 1.0, 0.2, 0.2, 0.8, REPITITION, wheat, pigs, NA, NA, NA, NA, pigs, NA, NA, 50740.0, 
1, Farm01, 0.2, 0.2, 1.0, 0.2, 0.2, 0.8, REPITITION, cattle, NA, NA, NA, NA, NA, cattle, NA, NA, 60099.0, 
1, Farm02, 0.2, 0.2, 1.0, 0.2, 0.2, 0.8, REPITITION, eggplants, NA, NA, NA, NA, NA, eggplants, NA, NA, 47924.0, 
1, Farm03, 0.2, 0.2, 1.0, 0.2, 0.2, 0.8, REPITITION, pigs, sheep, NA, NA, NA, NA, sheep, NA, NA, 55452.0, 
1, Farm04, 0.2, 0.2, 1.0, 0.2, 0.2, 0.8, REPITITION, wheat, NA, NA, NA, NA, NA, wheat, NA, NA, 48139.0, 
1, Farm05, 0.2, 0.2, 1.0, 0.2, 0.2, 0.8, REPITITION, pigs, NA, NA, NA, NA, NA, pigs, NA, NA, 54589.0, 
2, Farm01, 0.2, 0.2, 1.0, 0.2, 0.2, 0.8, REPITITION, cattle, NA, NA, NA, NA, NA, cattle, NA, NA, 47702.0, 
2, Farm02, 0.2, 0.2, 1.0, 0.2, 0.2, 0.8, REPITITION, eggplants, NA, NA, NA, NA, NA, eggplants, NA, NA, 56224.0, 
2, Farm03, 0.2, 0.2, 1.0, 0.2, 0.2, 0.8, IMITATION, cattle, pigs, sheep, NA, NA, NA, pigs, sheep, NA, 60683.0, 
2, Farm04, 0.2, 0.2, 1.0, 0.2, 0.2, 0.8, REPITITION, wheat, NA, NA, NA, NA, NA, wheat, NA, NA, 40447.0, 
2, Farm05, 0.2, 0.2, 1.0, 0.2, 0.2, 0.8, REPITITION, pigs, NA, NA, NA, NA, NA, pigs, NA, NA, 50956.0, 
0, Farm01, 0.4, 0.2, 1.0, 0.2, 0.2, 0.8, REPITITION, cattle, NA, NA, NA, NA, NA, cattle, NA, NA, 65069.0, 
0, Farm02, 0.4, 0.2, 1.0, 0.2, 0.2, 0.8, REPITITION, wheat, eggplants, NA, NA, NA, NA, eggplants, NA, NA, 53202.0, 
0, Farm03, 0.4, 0.2, 1.0, 0.2, 0.2, 0.8, IMITATION, cattle, pigs, sheep, NA, NA, NA, pigs, sheep, NA, 43451.0, 
0, Farm04, 0.4, 0.2, 1.0, 0.2, 0.2, 0.8, REPITITION, wheat, NA, NA, NA, NA, NA, wheat, NA, NA, 53389.0, 
0, Farm05, 0.4, 0.2, 1.0, 0.2, 0.2, 0.8, REPITITION, wheat, pigs, NA, NA, NA, NA, pigs, NA, NA, 50187.0, 
1, Farm01, 0.4, 0.2, 1.0, 0.2, 0.2, 0.8, REPITITION, cattle, NA, NA, NA, NA, NA, cattle, NA, NA, 35504.0, 
1, Farm02, 0.4, 0.2, 1.0, 0.2, 0.2, 0.8, REPITITION, eggplants, NA, NA, NA, NA, NA, eggplants, NA, NA, 45561.0, 
1, Farm03, 0.4, 0.2, 1.0, 0.2, 0.2, 0.8, REPITITION, pigs, sheep, NA, NA, NA, NA, sheep, NA, NA, 65134.0, 
1, Farm04, 0.4, 0.2, 1.0, 0.2, 0.2, 0.8, REPITITION, wheat, NA, NA, NA, NA, NA, wheat, NA, NA, 53245.0, 
1, Farm05, 0.4, 0.2, 1.0, 0.2, 0.2, 0.8, REPITITION, pigs, NA, NA, NA, NA, NA, pigs, NA, NA, 43448.0, 
2, Farm01, 0.4, 0.2, 1.0, 0.2, 0.2, 0.8, REPITITION, cattle, NA, NA, NA, NA, NA, cattle, NA, NA, 66150.0, 
2, Farm02, 0.4, 0.2, 1.0, 0.2, 0.2, 0.8, REPITITION, eggplants, NA, NA, NA, NA, NA, eggplants, NA, NA, 54930.0, 
2, Farm03, 0.4, 0.2, 1.0, 0.2, 0.2, 0.8, IMITATION, cattle, pigs, sheep, NA, NA, NA, pigs, sheep, NA, 50978.0, 
2, Farm04, 0.4, 0.2, 1.0, 0.2, 0.2, 0.8, REPITITION, wheat, NA, NA, NA, NA, NA, wheat, NA, NA, 57161.0, 
2, Farm05, 0.4, 0.2, 1.0, 0.2, 0.2, 0.8, REPITITION, pigs, NA, NA, NA, NA, NA, pigs, NA, NA, 33198.0, 
0, Farm01, 0.6, 0.2, 1.0, 0.2, 0.2, 0.8, REPITITION, cattle, NA, NA, NA, NA, NA, cattle, NA, NA, 38650.0, 
0, Farm02, 0.6, 0.2, 1.0, 0.2, 0.2, 0.8, REPITITION, wheat, eggplants, NA, NA, NA, NA, eggplants, NA, NA, 57982.0, 
0, Farm03, 0.6, 0.2, 1.0, 0.2, 0.2, 0.8, IMITATION, cattle, pigs, sheep, NA, NA, NA, pigs, sheep, NA, 57443.0, 
0, Farm04, 0.6, 0.2, 1.0, 0.2, 0.2, 0.8, REPITITION, wheat, NA, NA, NA, NA, NA, wheat, NA, NA, 54631.0, 
0, Farm05, 0.6, 0.2, 1.0, 0.2, 0.2, 0.8, REPITITION, wheat, pigs, NA, NA, NA, NA, pigs, NA, NA, 42562.0, 
1, Farm01, 0.6, 0.2, 1.0, 0.2, 0.2, 0.8, REPITITION, cattle, NA, NA, NA, NA, NA, cattle, NA, NA, 37119.0, 
1, Farm02, 0.6, 0.2, 1.0, 0.2, 0.2, 0.8, REPITITION, eggplants, NA, NA, NA, NA, NA, eggplants, NA, NA, 41206.0, 
1, Farm03, 0.6, 0.2, 1.0, 0.2, 0.2, 0.8, REPITITION, pigs, sheep, NA, NA, NA, NA, sheep, NA, NA, 44165.0, 
1, Farm04, 0.6, 0.2, 1.0, 0.2, 0.2, 0.8, REPITITION, wheat, NA, NA, NA, NA, NA, wheat, NA, NA, 55717.0, 
1, Farm05, 0.6, 0.2, 1.0, 0.2, 0.2, 0.8, REPITITION, pigs, NA, NA, NA, NA, NA, pigs, NA, NA, 37724.0, 
2, Farm01, 0.6, 0.2, 1.0, 0.2, 0.2, 0.8, REPITITION, cattle, NA, NA, NA, NA, NA, cattle, NA, NA, 39707.0, 
2, Farm02, 0.6, 0.2, 1.0, 0.2, 0.2, 0.8, REPITITION, eggplants, NA, NA, NA, NA, NA, eggplants, NA, NA, 53317.0, 
2, Farm03, 0.6, 0.2, 1.0, 0.2, 0.2, 0.8, IMITATION, cattle, pigs, sheep, NA, NA, NA, pigs, sheep, NA, 29644.0, 
2, Farm04, 0.6, 0.2, 1.0, 0.2, 0.2, 0.8, REPITITION, wheat, NA, NA, NA, NA, NA, wheat, NA, NA, 53778.0, 
2, Farm05, 0.6, 0.2, 1.0, 0.2, 0.2, 0.8, REPITITION, pigs, NA, NA, NA, NA, NA, pigs, NA, NA, 52978.0, 
